archivo,duracion_total,audio_util,porcentaje_audio,num_frases,rms_mean,rms_std,rango_dinamico,clase
104_12_18_2024_CNOCgrabacion3_d.wav,45.0,15.872,35.27111111111111,4,0.07264959067106247,0.019200729206204414,0.07251554727554321,ivr_limpio
11_4_18_2026_Banamex_grabacion_0.wav,30.0,0.0,0.0,0,0.0,0.0,0.0,silencio_real
11_4_18_2026_Banamex_grabacion_1.wav,30.0,0.0,0.0,0,0.0,0.0,0.0,silencio_real
11_4_20_2026_Banamex_grabacion_0.wav,30.0,0.0,0.0,0,0.0,0.0,0.0,silencio_real
11_4_21_2026_Banamex_grabacion_0.wav,30.0,0.0,0.0,0,0.0,0.0,0.0,silencio_real
11_4_21_2026_Banamex_grabacion_1.wav,30.0,0.0,0.0,0,0.0,0.0,0.0,silencio_real
11_4_21_2026_Banamex_grabacion_2.wav,30.0,0.0,0.0,0,0.0,0.0,0.0,silencio_real
123_12_18_2024_CNOCgrabacion3_d.wav,45.0,27.136,60.30222222222223,6,0.12240020185709,0.05889279767870903,0.2290697991847992,gris
13_4_23_2026_BBVAgrabacion_0.wav,30.0,0.0,0.0,0,0.0,0.0,0.0,silencio_real
14_4_23_2026_BBVAgrabacion_0.wav,30.0,0.0,0.0,0,0.0,0.0,0.0,silencio_real
161_12_18_2024_CNOCgrabacion3_d.wav,45.0,26.208,58.239999999999995,6,0.13998878002166748,0.06534802913665771,0.2426876723766327,gris
18_4_22_2026_BBVAgrabacion_0.wav,30.0,0.0,0.0,0,0.0,0.0,0.0,silencio_real
1_2_13_2025_BBVAgrabacion3.wav,45.0,11.84,26.311111111111114,1,0.3184951841831207,0.13125017285346985,0.6268747448921204,sospechoso
1_2_13_2025_CNOCgrabacion3.wav,45.0,27.104,60.23111111111111,5,0.20224399864673615,0.05787305161356926,0.2972279191017151,gris
1_2_26_2025_BBVAgrabacion3.wav,45.0,17.984,39.964444444444446,5,0.24554678797721863,0.11231619119644165,0.5735589861869812,sospechoso
1_3_13_2026_Vidanta_grabacion3.wav,30.0,5.696,18.986666666666665,1,0.0,0.0,0.0,gris
1_3_14_2026_Vidanta_grabacion3.wav,30.0,6.176,20.586666666666666,1,0.07690971344709396,0.06692121177911758,0.29692307114601135,gris
1_3_22_2026_GNPgrabacion_0.wav,30.0,25.424,84.74666666666667,6,0.1596030741930008,0.12358314543962479,0.6387531757354736,sospechoso
1_3_23_2026_GNPgrabacion_0.wav,30.0,25.456,84.85333333333334,6,0.17241261899471283,0.12992624938488007,0.6294113993644714,sospechoso
1_3_24_2026_GNPgrabacion_0.wav,30.0,25.488,84.96000000000001,6,0.15861353278160095,0.12420286983251572,0.6270979046821594,sospechoso
1_3_25_2026_GNPgrabacion_0.wav,30.0,25.488,84.96000000000001,6,0.1555953323841095,0.1208520233631134,0.6221332550048828,sospechoso
1_3_26_2026_GNPgrabacion_0.wav,30.0,25.136,83.78666666666666,6,0.15809926390647888,0.12343672662973404,0.6299790740013123,sospechoso
1_3_27_2026_GNPgrabacion_0.wav,30.0,25.52,85.06666666666666,6,0.15288040041923523,0.11975608021020889,0.6261981129646301,sospechoso
1_3_28_2026_GNPgrabacion_0.wav,30.0,0.0,0.0,0,0.0,0.0,0.0,silencio_real
1_3_28_2026_GNPgrabacion_1.wav,30.0,25.424,84.74666666666667,6,0.15257327258586884,0.11921215057373047,0.6257768869400024,sospechoso
1_3_29_2026_GNPgrabacion_0.wav,30.0,25.424,84.74666666666667,6,0.1634163111448288,0.12848827242851257,0.6243899464607239,sospechoso
1_3_30_2026_GNPgrabacion_0.wav,30.0,25.456,84.85333333333334,6,0.16637347638607025,0.1302197426557541,0.6268052458763123,sospechoso
1_3_31_2026_GNPgrabacion_0.wav,30.0,25.44,84.80000000000001,6,0.16686776280403137,0.12955456972122192,0.6295644044876099,sospechoso
1_4_10_2026_GNPgrabacion_0.wav,30.0,25.424,84.74666666666667,6,0.1462872177362442,0.11512255668640137,0.6159057021141052,sospechoso
1_4_11_2026_GNPgrabacion_0.wav,30.0,25.392,84.63999999999999,6,0.166426882147789,0.12946179509162903,0.61432284116745,sospechoso
1_4_11_2026_Vidanta_grabacion_0.wav,30.0,0.16,0.5333333333333333,1,0.0,0.0,0.0,vacio
1_4_11_2026_Vidanta_grabacion_1.wav,30.0,6.24,20.8,1,0.058661628514528275,0.00576599407941103,0.023173987865447998,ivr_limpio
1_4_12_2026_BBVAgrabacion_0.wav,30.0,14.368,47.89333333333333,4,0.10433393716812134,0.04030907526612282,0.20444652438163757,gris
1_4_12_2026_GNPgrabacion_0.wav,30.0,25.392,84.63999999999999,6,0.16978415846824646,0.1301160603761673,0.6115109920501709,sospechoso
1_4_12_2026_Vidanta_grabacion_0.wav,30.0,7.072,23.57333333333333,1,0.07961849123239517,0.07584568113088608,0.3451007008552551,gris
1_4_13_2026_BBVAgrabacion_0.wav,30.0,14.48,48.266666666666666,5,0.10654422640800476,0.0408736914396286,0.20168177783489227,gris
1_4_13_2026_GNPgrabacion_0.wav,30.0,0.0,0.0,0,0.0,0.0,0.0,silencio_real
1_4_13_2026_Vidanta_grabacion_0.wav,30.0,6.4,21.333333333333336,1,0.06604555249214172,0.033882301300764084,0.1680179238319397,gris
1_4_14_2026_BBVAgrabacion_0.wav,30.0,13.984,46.61333333333334,4,0.10564420372247696,0.04207976162433624,0.21386930346488953,gris
1_4_14_2026_GNPgrabacion_0.wav,30.0,25.472,84.90666666666668,6,0.1677854061126709,0.1296704262495041,0.6182787418365479,sospechoso
1_4_14_2026_Vidanta_grabacion_0.wav,30.0,7.04,23.466666666666665,1,0.06136447936296463,0.013755638152360916,0.06788218766450882,ivr_limpio
1_4_15_2026_BBVAgrabacion_0.wav,30.0,14.544,48.480000000000004,5,0.105396568775177,0.04094473645091057,0.2006867676973343,gris
1_4_1_2026_GNPgrabacion_0.wav,30.0,25.36,84.53333333333333,6,0.15255022048950195,0.12004119157791138,0.6230358481407166,sospechoso
1_4_22_2026_Banamex_grabacion_0.wav,30.0,0.0,0.0,0,0.0,0.0,0.0,silencio_real
1_4_2_2026_GNPgrabacion_0.wav,30.0,25.424,84.74666666666667,6,0.14802038669586182,0.11673524230718613,0.6158221364021301,sospechoso
1_4_3_2026_GNPgrabacion_0.wav,30.0,0.0,0.0,0,0.0,0.0,0.0,silencio_real
1_4_3_2026_GNPgrabacion_1.wav,30.0,24.8,82.66666666666667,6,0.15635454654693604,0.12100066989660263,0.6217654347419739,sospechoso
1_4_4_2026_GNPgrabacion_0.wav,30.0,25.136,83.78666666666666,6,0.15930293500423431,0.12405356019735336,0.6379881501197815,sospechoso
1_4_5_2026_GNPgrabacion_0.wav,30.0,24.832,82.77333333333333,6,0.15615314245224,0.12173084169626236,0.615031361579895,sospechoso
1_4_6_2026_GNPgrabacion_0.wav,30.0,24.752,82.50666666666666,6,0.15703077614307404,0.12130050361156464,0.6213380694389343,sospechoso
1_4_7_2026_GNPgrabacion_0.wav,30.0,25.104,83.67999999999999,6,0.16083960235118866,0.12519221007823944,0.6314231753349304,sospechoso
1_4_8_2026_GNPgrabacion_0.wav,30.0,25.424,84.74666666666667,6,0.16710425913333893,0.12965822219848633,0.6335423588752747,sospechoso
1_4_9_2026_GNPgrabacion_0.wav,30.0,25.408,84.69333333333334,6,0.16721725463867188,0.13002829253673553,0.635384738445282,sospechoso
20_4_23_2026_BBVAgrabacion_0.wav,30.0,0.0,0.0,0,0.0,0.0,0.0,silencio_real
22_4_23_2026_BBVAgrabacion_0.wav,30.0,0.0,0.0,0,0.0,0.0,0.0,silencio_real
22_4_23_2026_BBVAgrabacion_1.wav,30.0,0.0,0.0,0,0.0,0.0,0.0,silencio_real
2_11_28_2024_BBVAgrabacion3.wav,45.0,39.912,88.69333333333333,2,0.22726823389530182,0.0905388742685318,0.582014262676239,sospechoso
2_11_29_2024_BBVAgrabacion3.wav,45.0,42.248,93.88444444444444,2,0.21901822090148926,0.07546233385801315,0.4343702793121338,gris
2_11_30_2024_BBVAgrabacion3.wav,45.0,36.136,80.30222222222223,4,0.23700638115406036,0.09444722533226013,0.5624297857284546,sospechoso
2_12_2_2024_BBVAgrabacion3.wav,45.0,36.424,80.94222222222223,4,0.23600666224956512,0.09368123859167099,0.5739837288856506,sospechoso
2_12_3_2024_CNOCgrabacion3.wav,45.0,26.816,59.591111111111104,5,0.19972217082977295,0.054343629628419876,0.2611369490623474,gris
2_3_28_2026_GNPgrabacion_0.wav,30.0,25.36,84.53333333333333,6,0.15149562060832977,0.11899314075708389,0.6284712553024292,sospechoso
2_3_29_2026_GNPgrabacion_0.wav,30.0,25.456,84.85333333333334,6,0.15625359117984772,0.12054158002138138,0.6298550367355347,sospechoso
2_3_30_2026_GNPgrabacion_0.wav,30.0,25.456,84.85333333333334,6,0.1506270319223404,0.11761506646871567,0.6204313635826111,sospechoso
2_3_31_2026_GNPgrabacion_0.wav,30.0,25.344,84.48,6,0.15523234009742737,0.11987023800611496,0.6121717095375061,sospechoso
2_4_13_2026_BBVAgrabacion_0.wav,30.0,14.448,48.160000000000004,5,0.10695216059684753,0.04014577344059944,0.21069639921188354,gris
2_4_13_2026_Vidanta_grabacion_0.wav,30.0,5.888,19.62666666666667,1,0.0,0.0,0.0,gris
2_4_14_2026_BBVAgrabacion_0.wav,30.0,14.96,49.86666666666667,4,0.10615171492099762,0.04093164950609207,0.20317316055297852,gris
2_4_15_2026_BBVAgrabacion_0.wav,30.0,0.0,0.0,0,0.0,0.0,0.0,silencio_real
2_4_15_2026_BBVAgrabacion_1.wav,30.0,0.0,0.0,0,0.0,0.0,0.0,silencio_real
2_4_1_2026_GNPgrabacion_0.wav,30.0,25.456,84.85333333333334,6,0.15167658030986786,0.11890630424022675,0.6150656938552856,sospechoso
2_4_21_2026_Banamex_grabacion_0.wav,30.0,0.0,0.0,0,0.0,0.0,0.0,silencio_real
2_4_22_2026_BBVAgrabacion_0.wav,30.0,0.0,0.0,0,0.0,0.0,0.0,silencio_real
2_4_2_2026_GNPgrabacion_0.wav,30.0,25.456,84.85333333333334,6,0.15328331291675568,0.11927751451730728,0.6291910409927368,sospechoso
2_4_3_2026_GNPgrabacion_0.wav,30.0,25.232,84.10666666666667,6,0.1609983891248703,0.12463604658842087,0.6227063536643982,sospechoso
2_4_4_2026_GNPgrabacion_0.wav,30.0,25.488,84.96000000000001,6,0.1594351977109909,0.12305222451686859,0.6218953132629395,sospechoso
2_4_5_2026_GNPgrabacion_0.wav,30.0,25.472,84.90666666666668,6,0.15727153420448303,0.12162341177463531,0.6180087924003601,sospechoso
31_4_23_2026_BBVAgrabacion_0.wav,30.0,0.16,0.5333333333333333,1,0.0,0.0,0.0,vacio
33_4_21_2026_BBVAgrabacion_0.wav,30.0,0.16,0.5333333333333333,1,0.0,0.0,0.0,vacio
35_4_21_2026_BBVAgrabacion_0.wav,30.0,0.0,0.0,0,0.0,0.0,0.0,silencio_real
35_4_22_2026_BBVAgrabacion_0.wav,30.0,0.0,0.0,0,0.0,0.0,0.0,silencio_real
36_4_23_2026_BBVAgrabacion_0.wav,30.0,0.16,0.5333333333333333,1,0.0,0.0,0.0,vacio
37_4_23_2026_BBVAgrabacion_0.wav,30.0,0.16,0.5333333333333333,1,0.0,0.0,0.0,vacio
38_4_22_2026_BBVAgrabacion_0.wav,30.0,0.16,0.5333333333333333,1,0.0,0.0,0.0,vacio
39_4_23_2026_BBVAgrabacion_0.wav,30.0,0.16,0.5333333333333333,1,0.0,0.0,0.0,vacio
3_4_18_2026_Banamex_grabacion_0.wav,30.0,0.16,0.5333333333333333,1,0.0,0.0,0.0,vacio
3_4_21_2026_Banamex_grabacion_0.wav,30.0,0.16,0.5333333333333333,1,0.0,0.0,0.0,vacio
3_4_22_2026_BBVAgrabacion_0.wav,30.0,0.0,0.0,0,0.0,0.0,0.0,silencio_real
3_4_23_2026_BBVAgrabacion_0.wav,30.0,0.0,0.0,0,0.0,0.0,0.0,silencio_real
3_4_24_2026_Banamex_grabacion_0.wav,30.0,0.16,0.5333333333333333,1,0.0,0.0,0.0,vacio
40_4_23_2026_BBVAgrabacion_0.wav,30.0,0.16,0.5333333333333333,1,0.0,0.0,0.0,vacio
45_2_13_2025_GNPgrabacion3.wav,45.0,38.688,85.97333333333333,1,0.11441191285848618,0.0028106586541980505,0.04682576656341553,ivr_limpio
48_4_21_2026_BBVAgrabacion_0.wav,30.0,0.0,0.0,0,0.0,0.0,0.0,silencio_real
48_4_22_2026_BBVAgrabacion_0.wav,30.0,0.16,0.5333333333333333,1,0.0,0.0,0.0,vacio
4_4_22_2026_BBVAgrabacion_0.wav,30.0,0.0,0.0,0,0.0,0.0,0.0,silencio_real
55_4_21_2026_BBVAgrabacion_0.wav,30.0,0.0,0.0,0,0.0,0.0,0.0,silencio_real
57_4_21_2026_BBVAgrabacion_0.wav,30.0,0.0,0.0,0,0.0,0.0,0.0,silencio_real
57_4_21_2026_BBVAgrabacion_1.wav,30.0,0.0,0.0,0,0.0,0.0,0.0,silencio_real
6_4_18_2026_Banamex_grabacion_0.wav,30.0,0.128,0.4266666666666667,1,0.0,0.0,0.0,vacio
6_4_18_2026_Banamex_grabacion_1.wav,30.0,0.0,0.0,0,0.0,0.0,0.0,silencio_real
7_4_18_2026_Banamex_grabacion_0.wav,30.0,0.0,0.0,0,0.0,0.0,0.0,silencio_real
7_4_20_2026_Banamex_grabacion_0.wav,30.0,0.16,0.5333333333333333,1,0.0,0.0,0.0,vacio
7_4_23_2026_BBVAgrabacion_0.wav,30.0,0.0,0.0,0,0.0,0.0,0.0,silencio_real
8_4_21_2026_Banamex_grabacion_0.wav,30.0,0.0,0.0,0,0.0,0.0,0.0,silencio_real
8_4_22_2026_BBVAgrabacion_0.wav,30.0,0.16,0.5333333333333333,1,0.0,0.0,0.0,vacio
8_4_23_2026_BBVAgrabacion_0.wav,30.0,0.0,0.0,0,0.0,0.0,0.0,silencio_real
99_12_18_2024_CNOCgrabacion3_d.wav,45.0,27.72,61.6,5,0.15192466974258423,0.06672212481498718,0.2661348283290863,gris
9_4_19_2026_Banamex_grabacion_0.wav,30.0,0.0,0.0,0,0.0,0.0,0.0,silencio_real
9_4_20_2026_Banamex_grabacion_0.wav,30.0,0.0,0.0,0,0.0,0.0,0.0,silencio_real
